insert into Categories
values('92056c58-ac21-4d05-9b0b-cf39b0d1a9bf', 'Poison')
insert into Categories
values('f89b9019-b545-4663-a1d5-179922cf63d4', 'Fire')
insert into Categories
values('82db8f54-f10a-492d-8053-1fe606ced35b', 'Psychic')
insert into Categories
values('24531372-69d5-452a-91bc-6f0c7878ab12', 'Rock')
insert into Categories
values('02970bba-0df5-4a7e-9252-6266f20a599b', 'Water')
insert into Categories
values('f4ba99c8-db8e-40c3-b270-deffae0e5a4d', 'Normal')
insert into Categories
values('66662445-4144-4b4c-bb87-e5ed105855d3', 'Electric')
insert into Categories
values('31f8ab25-cabe-4751-891a-b742dbeee095', 'Bug')

insert into Pokemon
values('15d1a64e-d17a-4e59-988a-cb4bbc18ad64', 1, 'Bulbasaur', 7, 70, 0, 0)
insert into PokemonCategories
values('15d1a64e-d17a-4e59-988a-cb4bbc18ad64', '2FB10F54-BA6E-417D-9A54-E1CA72F565FB')
insert into Pokemon
values('b72c6b26-cdf4-4017-b2e2-68c008932040', 2, 'Ivysaur ', 13, 100, 0, 1600)
insert into PokemonCategories
values('b72c6b26-cdf4-4017-b2e2-68c008932040', '2FB10F54-BA6E-417D-9A54-E1CA72F565FB')
insert into Pokemon
values('9baf8bac-85a9-4f0d-b8ff-5fe2b2beb52e', 3, 'Venusaur ', 100, 200, 0, 3600)
insert into PokemonCategories
values('9baf8bac-85a9-4f0d-b8ff-5fe2b2beb52e', '2FB10F54-BA6E-417D-9A54-E1CA72F565FB')
insert into Pokemon
values('f960c286-cf0a-48b2-a3f5-b877798d5c46', 4, 'Charmander', 9, 61, 0, 0)
insert into PokemonCategories
values('f960c286-cf0a-48b2-a3f5-b877798d5c46', 'f89b9019-b545-4663-a1d5-179922cf63d4')
insert into Pokemon
values('7f426d8c-4da8-447a-a2f6-be2cb6646b21', 5, 'Charmeleon ', 19, 110, 0, 1600)
insert into PokemonCategories
values('7f426d8c-4da8-447a-a2f6-be2cb6646b21', 'f89b9019-b545-4663-a1d5-179922cf63d4')
insert into Pokemon
values('1120cd29-8323-48a8-a630-96b41157b840', 6, 'Charizard', 91, 170, 0, 3600)
insert into PokemonCategories
values('1120cd29-8323-48a8-a630-96b41157b840', 'f89b9019-b545-4663-a1d5-179922cf63d4')
insert into Pokemon
values('e18a0638-2f1a-4974-9a01-5ed2ca19cc92', 7, 'Squirtle', 9, 50, 0, 0)
insert into PokemonCategories
values('e18a0638-2f1a-4974-9a01-5ed2ca19cc92', '02970bba-0df5-4a7e-9252-6266f20a599b')
insert into Pokemon
values('b3ddfc75-2839-4bb1-98d8-192e8ba0410f', 8, 'Wartortle ', 23, 100, 0, 1600)
insert into PokemonCategories
values('b3ddfc75-2839-4bb1-98d8-192e8ba0410f', '02970bba-0df5-4a7e-9252-6266f20a599b')
insert into Pokemon
values('747e26bb-ab2e-4272-808c-3933e1e24646', 9, 'Charizard', 86, 160, 0, 3600)
insert into PokemonCategories
values('747e26bb-ab2e-4272-808c-3933e1e24646', '02970bba-0df5-4a7e-9252-6266f20a599b')
insert into Pokemon
values('e1386a15-ca5e-4179-916f-5239bda04d18', 10, 'Caterpie', 3, 30, 0, 0)
insert into PokemonCategories
values('e1386a15-ca5e-4179-916f-5239bda04d18', '31f8ab25-cabe-4751-891a-b742dbeee095')
insert into Pokemon
values('731a1ab2-3b9a-4626-a813-2ac8a5f81010', 11, 'Metapod', 10, 70, 0, 700)
insert into PokemonCategories
values('731a1ab2-3b9a-4626-a813-2ac8a5f81010', '31f8ab25-cabe-4751-891a-b742dbeee095')
insert into Pokemon
values('9a838922-b5ef-47df-b187-bb7bf5e07f46', 12, 'Butterfree', 32, 110, 0, 1000)
insert into PokemonCategories
values('9a838922-b5ef-47df-b187-bb7bf5e07f46', '31f8ab25-cabe-4751-891a-b742dbeee095')
insert into Pokemon
values('3d9fc9b6-8404-4bb0-8fc5-333365d27655', 13, 'Weedle', 3, 32, 0, 0)
insert into PokemonCategories
values('3d9fc9b6-8404-4bb0-8fc5-333365d27655', '31f8ab25-cabe-4751-891a-b742dbeee095')
insert into Pokemon
values('9bfba095-8642-4c2e-a4fa-7e9fe0ade97c', 14, 'Kakuna', 10, 60, 0, 700)
insert into PokemonCategories
values('9bfba095-8642-4c2e-a4fa-7e9fe0ade97c', '31f8ab25-cabe-4751-891a-b742dbeee095')
insert into Pokemon
values('ca212051-0292-4a80-90c5-fab2d06f9a1a', 15, 'Beedrill', 31, 100, 0, 1000)
insert into PokemonCategories
values('ca212051-0292-4a80-90c5-fab2d06f9a1a', '31f8ab25-cabe-4751-891a-b742dbeee095')

insert into Pokemon
values('b0f2b6de-f9c6-4b43-8ba5-b74b3cf7bf38', 16, 'Pidgey', 2, 30, 1, 0)
insert into PokemonCategories
values('b0f2b6de-f9c6-4b43-8ba5-b74b3cf7bf38', 'f4ba99c8-db8e-40c3-b270-deffae0e5a4d')
insert into Pokemon
values('47d13528-7a4c-46cf-a7fc-3d39fd40bc1a', 17, 'Pidgeotto', 30, 110, 1, 1800)
insert into PokemonCategories
values('47d13528-7a4c-46cf-a7fc-3d39fd40bc1a', 'f4ba99c8-db8e-40c3-b270-deffae0e5a4d')
insert into Pokemon
values('c3c31bcf-f7f0-43d0-9761-d04e8b39d871', 18, 'Pidgeot', 40, 150, 1, 3500)
insert into PokemonCategories
values('c3c31bcf-f7f0-43d0-9761-d04e8b39d871', 'f4ba99c8-db8e-40c3-b270-deffae0e5a4d')
insert into Pokemon
values('bf00775d-fb0f-4a3b-845b-e8ccdf914c26', 19, 'Rattata', 4, 30, 0, 0)
insert into PokemonCategories
values('bf00775d-fb0f-4a3b-845b-e8ccdf914c26', 'f4ba99c8-db8e-40c3-b270-deffae0e5a4d')
insert into Pokemon
values('93e80f41-636e-4d45-a4f3-9b5d0e1081eb', 20, 'Raticate', 19, 70, 0, 2000)
insert into PokemonCategories
values('93e80f41-636e-4d45-a4f3-9b5d0e1081eb', 'f4ba99c8-db8e-40c3-b270-deffae0e5a4d')